{"branches": 83.33333333333334, "coverage": 94.06743491250533}