{"branches": 83.33333333333334, "coverage": 93.67355546183045}