{"branches": 83.33333333333334, "coverage": 93.65482233502537}